{
    "metrics": {
        "http_req_blocked": {
            "avg": 0.007051574031969003,
            "min": 0.000416,
            "med": 0.002458,
            "max": 11.314792,
            "p(90)": 0.003833,
            "p(95)": 0.004917
        },
        "data_sent": {
            "count": 24846550,
            "rate": 354561.90807436913
        },
        "http_req_waiting": {
            "p(90)": 289.3923168,
            "p(95)": 308.57808279999995,
            "avg": 189.31119246885808,
            "min": 0.08425,
            "med": 197.809333,
            "max": 369.192334
        },
        "checks": {
            "passes": 308294,
            "fails": 220356,
            "value": 0.5831722311548283
        },
        "vus_max": {
            "value": 1200,
            "min": 1200,
            "max": 1200
        },
        "http_req_tls_handshaking": {
            "avg": 0,
            "min": 0,
            "med": 0,
            "max": 0,
            "p(90)": 0,
            "p(95)": 0
        },
        "http_reqs": {
            "count": 264325,
            "rate": 3771.935192280522
        },
        "vus": {
            "max": 1198,
            "value": 16,
            "min": 16
        },
        "http_req_duration": {
            "min": 0.093042,
            "med": 197.849833,
            "max": 369.226834,
            "p(90)": 289.43721660000006,
            "p(95)": 308.6244244,
            "avg": 189.35608775606644,
            "thresholds": {
                "p(95)<100": true,
                "avg<100": true
            }
        },
        "iterations": {
            "count": 264325,
            "rate": 3771.935192280522
        },
        "http_req_sending": {
            "p(90)": 0.011125,
            "p(95)": 0.013834,
            "avg": 0.009298083987515478,
            "min": 0.001417,
            "med": 0.007458,
            "max": 10.377166
        },
        "http_req_receiving": {
            "max": 19.081667,
            "p(90)": 0.051542,
            "p(95)": 0.075875,
            "avg": 0.03559720321952218,
            "min": 0.005625,
            "med": 0.028542
        },
        "http_req_failed": {
            "passes": 0,
            "fails": 264325,
            "thresholds": {
                "rate<0.01": false
            },
            "value": 0
        },
        "http_req_connecting": {
            "p(95)": 0,
            "avg": 0.003375907496453233,
            "min": 0,
            "med": 0,
            "max": 11.262875,
            "p(90)": 0
        },
        "data_received": {
            "count": 34111047,
            "rate": 486766.89161008206
        },
        "http_req_duration{expected_response:true}": {
            "max": 369.226834,
            "p(90)": 289.43721660000006,
            "p(95)": 308.6244244,
            "avg": 189.35608775606644,
            "min": 0.093042,
            "med": 197.849833
        },
        "iteration_duration": {
            "max": 369.290875,
            "p(90)": 289.5542754,
            "p(95)": 308.72630039999996,
            "avg": 189.45489038403093,
            "min": 0.121166,
            "med": 197.945791
        }
    },
    "root_group": {
        "name": "",
        "path": "",
        "id": "d41d8cd98f00b204e9800998ecf8427e",
        "groups": {},
        "checks": {
                "status is 200": {
                    "path": "::status is 200",
                    "id": "6210a8cd14cd70477eba5c5e4cb3fb5f",
                    "passes": 264325,
                    "fails": 0,
                    "name": "status is 200"
                },
                "response time < 100ms": {
                    "name": "response time < 100ms",
                    "path": "::response time < 100ms",
                    "id": "f8f4b7eb5179950cc5d8feeb3a83aa26",
                    "passes": 43969,
                    "fails": 220356
                }
            }
    }
}